Metadata_Plate,Metadata_Well,Metadata_Row,Metadata_FieldID,Metadata_plating_density,Metadata_line_ID,Metadata_line_condition,Metadata_line_source,Metadata_compound_ID,FileName_OrigDNA,FileName_OrigER,FileName_OrigRNA,FileName_OrigAGP,FileName_OrigMito
BR_NCP_PILOT_3,A03,1,3,2500,NA,control,NA,BRD-K79131256-001-17-9,r01c03f03p01-ch5sk1fk1fl1.tiff,r01c03f03p01-ch4sk1fk1fl1.tiff,r01c03f03p01-ch3sk1fk1fl1.tiff,r01c03f03p01-ch2sk1fk1fl1.tiff,r01c03f03p01-ch1sk1fk1fl1.tiff
BR_NCP_PILOT_3,A03,1,5,2500,NA,control,NA,BRD-K79131256-001-17-9,r01c03f05p01-ch5sk1fk1fl1.tiff,r01c03f05p01-ch4sk1fk1fl1.tiff,r01c03f05p01-ch3sk1fk1fl1.tiff,r01c03f05p01-ch2sk1fk1fl1.tiff,r01c03f05p01-ch1sk1fk1fl1.tiff
BR_NCP_PILOT_3,A13,1,3,2500,NA,control,NA,BRD-K36207157-001-09-6,r01c13f03p01-ch5sk1fk1fl1.tiff,r01c13f03p01-ch4sk1fk1fl1.tiff,r01c13f03p01-ch3sk1fk1fl1.tiff,r01c13f03p01-ch2sk1fk1fl1.tiff,r01c13f03p01-ch1sk1fk1fl1.tiff
BR_NCP_PILOT_3,A13,1,5,2500,NA,control,NA,BRD-K36207157-001-09-6,r01c13f05p01-ch5sk1fk1fl1.tiff,r01c13f05p01-ch4sk1fk1fl1.tiff,r01c13f05p01-ch3sk1fk1fl1.tiff,r01c13f05p01-ch2sk1fk1fl1.tiff,r01c13f05p01-ch1sk1fk1fl1.tiff
BR_NCP_PILOT_3,C03,3,3,2500,NA,deletion,NA,BRD-K79131256-001-17-9,r03c03f03p01-ch5sk1fk1fl1.tiff,r03c03f03p01-ch4sk1fk1fl1.tiff,r03c03f03p01-ch3sk1fk1fl1.tiff,r03c03f03p01-ch2sk1fk1fl1.tiff,r03c03f03p01-ch1sk1fk1fl1.tiff
BR_NCP_PILOT_3,C03,3,5,2500,NA,deletion,NA,BRD-K79131256-001-17-9,r03c03f05p01-ch5sk1fk1fl1.tiff,r03c03f05p01-ch4sk1fk1fl1.tiff,r03c03f05p01-ch3sk1fk1fl1.tiff,r03c03f05p01-ch2sk1fk1fl1.tiff,r03c03f05p01-ch1sk1fk1fl1.tiff
BR_NCP_PILOT_3,C08,3,3,10000,NA,deletion,NA,NA,r03c08f03p01-ch5sk1fk1fl1.tiff,r03c08f03p01-ch4sk1fk1fl1.tiff,r03c08f03p01-ch3sk1fk1fl1.tiff,r03c08f03p01-ch2sk1fk1fl1.tiff,r03c08f03p01-ch1sk1fk1fl1.tiff
BR_NCP_PILOT_3,C08,3,5,10000,NA,deletion,NA,NA,r03c08f05p01-ch5sk1fk1fl1.tiff,r03c08f05p01-ch4sk1fk1fl1.tiff,r03c08f05p01-ch3sk1fk1fl1.tiff,r03c08f05p01-ch2sk1fk1fl1.tiff,r03c08f05p01-ch1sk1fk1fl1.tiff
BR_NCP_PILOT_3,C13,3,3,2500,NA,deletion,NA,BRD-K36207157-001-09-6,r03c13f03p01-ch5sk1fk1fl1.tiff,r03c13f03p01-ch4sk1fk1fl1.tiff,r03c13f03p01-ch3sk1fk1fl1.tiff,r03c13f03p01-ch2sk1fk1fl1.tiff,r03c13f03p01-ch1sk1fk1fl1.tiff
BR_NCP_PILOT_3,C13,3,5,2500,NA,deletion,NA,BRD-K36207157-001-09-6,r03c13f05p01-ch5sk1fk1fl1.tiff,r03c13f05p01-ch4sk1fk1fl1.tiff,r03c13f05p01-ch3sk1fk1fl1.tiff,r03c13f05p01-ch2sk1fk1fl1.tiff,r03c13f05p01-ch1sk1fk1fl1.tiff
BR_NCP_PILOT_3,D12,4,3,7500,NA,deletion,NA,NA,r04c12f03p01-ch5sk1fk1fl1.tiff,r04c12f03p01-ch4sk1fk1fl1.tiff,r04c12f03p01-ch3sk1fk1fl1.tiff,r04c12f03p01-ch2sk1fk1fl1.tiff,r04c12f03p01-ch1sk1fk1fl1.tiff
BR_NCP_PILOT_3,D12,4,5,7500,NA,deletion,NA,NA,r04c12f05p01-ch5sk1fk1fl1.tiff,r04c12f05p01-ch4sk1fk1fl1.tiff,r04c12f05p01-ch3sk1fk1fl1.tiff,r04c12f05p01-ch2sk1fk1fl1.tiff,r04c12f05p01-ch1sk1fk1fl1.tiff
BR_NCP_PILOT_3,D20,4,3,7500,NA,deletion,NA,BRD-K79131256-001-17-9,r04c20f03p01-ch5sk1fk1fl1.tiff,r04c20f03p01-ch4sk1fk1fl1.tiff,r04c20f03p01-ch3sk1fk1fl1.tiff,r04c20f03p01-ch2sk1fk1fl1.tiff,r04c20f03p01-ch1sk1fk1fl1.tiff
BR_NCP_PILOT_3,D20,4,5,7500,NA,deletion,NA,BRD-K79131256-001-17-9,r04c20f05p01-ch5sk1fk1fl1.tiff,r04c20f05p01-ch4sk1fk1fl1.tiff,r04c20f05p01-ch3sk1fk1fl1.tiff,r04c20f05p01-ch2sk1fk1fl1.tiff,r04c20f05p01-ch1sk1fk1fl1.tiff
BR_NCP_PILOT_3,D23,4,3,5000,NA,deletion,NA,BRD-K21680192-300-14-4,r04c23f03p01-ch5sk1fk1fl1.tiff,r04c23f03p01-ch4sk1fk1fl1.tiff,r04c23f03p01-ch3sk1fk1fl1.tiff,r04c23f03p01-ch2sk1fk1fl1.tiff,r04c23f03p01-ch1sk1fk1fl1.tiff
BR_NCP_PILOT_3,D23,4,5,5000,NA,deletion,NA,BRD-K21680192-300-14-4,r04c23f05p01-ch5sk1fk1fl1.tiff,r04c23f05p01-ch4sk1fk1fl1.tiff,r04c23f05p01-ch3sk1fk1fl1.tiff,r04c23f05p01-ch2sk1fk1fl1.tiff,r04c23f05p01-ch1sk1fk1fl1.tiff
BR_NCP_PILOT_3,E07,5,3,2500,NA,control,NA,BRD-K15108141-003-04-7,r05c07f03p01-ch5sk1fk1fl1.tiff,r05c07f03p01-ch4sk1fk1fl1.tiff,r05c07f03p01-ch3sk1fk1fl1.tiff,r05c07f03p01-ch2sk1fk1fl1.tiff,r05c07f03p01-ch1sk1fk1fl1.tiff
BR_NCP_PILOT_3,E07,5,5,2500,NA,control,NA,BRD-K15108141-003-04-7,r05c07f05p01-ch5sk1fk1fl1.tiff,r05c07f05p01-ch4sk1fk1fl1.tiff,r05c07f05p01-ch3sk1fk1fl1.tiff,r05c07f05p01-ch2sk1fk1fl1.tiff,r05c07f05p01-ch1sk1fk1fl1.tiff
BR_NCP_PILOT_3,E22,5,3,10000,NA,control,NA,BRD-K79131256-001-17-9,r05c22f03p01-ch5sk1fk1fl1.tiff,r05c22f03p01-ch4sk1fk1fl1.tiff,r05c22f03p01-ch3sk1fk1fl1.tiff,r05c22f03p01-ch2sk1fk1fl1.tiff,r05c22f03p01-ch1sk1fk1fl1.tiff
BR_NCP_PILOT_3,E22,5,5,10000,NA,control,NA,BRD-K79131256-001-17-9,r05c22f05p01-ch5sk1fk1fl1.tiff,r05c22f05p01-ch4sk1fk1fl1.tiff,r05c22f05p01-ch3sk1fk1fl1.tiff,r05c22f05p01-ch2sk1fk1fl1.tiff,r05c22f05p01-ch1sk1fk1fl1.tiff
BR_NCP_PILOT_3,G05,7,3,2500,NA,deletion,NA,NA,r07c05f03p01-ch5sk1fk1fl1.tiff,r07c05f03p01-ch4sk1fk1fl1.tiff,r07c05f03p01-ch3sk1fk1fl1.tiff,r07c05f03p01-ch2sk1fk1fl1.tiff,r07c05f03p01-ch1sk1fk1fl1.tiff
BR_NCP_PILOT_3,G05,7,5,2500,NA,deletion,NA,NA,r07c05f05p01-ch5sk1fk1fl1.tiff,r07c05f05p01-ch4sk1fk1fl1.tiff,r07c05f05p01-ch3sk1fk1fl1.tiff,r07c05f05p01-ch2sk1fk1fl1.tiff,r07c05f05p01-ch1sk1fk1fl1.tiff
BR_NCP_PILOT_3,G07,7,3,2500,NA,deletion,NA,BRD-K15108141-003-04-7,r07c07f03p01-ch5sk1fk1fl1.tiff,r07c07f03p01-ch4sk1fk1fl1.tiff,r07c07f03p01-ch3sk1fk1fl1.tiff,r07c07f03p01-ch2sk1fk1fl1.tiff,r07c07f03p01-ch1sk1fk1fl1.tiff
BR_NCP_PILOT_3,G07,7,5,2500,NA,deletion,NA,BRD-K15108141-003-04-7,r07c07f05p01-ch5sk1fk1fl1.tiff,r07c07f05p01-ch4sk1fk1fl1.tiff,r07c07f05p01-ch3sk1fk1fl1.tiff,r07c07f05p01-ch2sk1fk1fl1.tiff,r07c07f05p01-ch1sk1fk1fl1.tiff
BR_NCP_PILOT_3,G14,7,3,10000,NA,deletion,NA,BRD-K15108141-003-04-7,r07c14f03p01-ch5sk1fk1fl1.tiff,r07c14f03p01-ch4sk1fk1fl1.tiff,r07c14f03p01-ch3sk1fk1fl1.tiff,r07c14f03p01-ch2sk1fk1fl1.tiff,r07c14f03p01-ch1sk1fk1fl1.tiff
BR_NCP_PILOT_3,G14,7,5,10000,NA,deletion,NA,BRD-K15108141-003-04-7,r07c14f05p01-ch5sk1fk1fl1.tiff,r07c14f05p01-ch4sk1fk1fl1.tiff,r07c14f05p01-ch3sk1fk1fl1.tiff,r07c14f05p01-ch2sk1fk1fl1.tiff,r07c14f05p01-ch1sk1fk1fl1.tiff
BR_NCP_PILOT_3,G22,7,3,10000,NA,deletion,NA,BRD-K79131256-001-17-9,r07c22f03p01-ch5sk1fk1fl1.tiff,r07c22f03p01-ch4sk1fk1fl1.tiff,r07c22f03p01-ch3sk1fk1fl1.tiff,r07c22f03p01-ch2sk1fk1fl1.tiff,r07c22f03p01-ch1sk1fk1fl1.tiff
BR_NCP_PILOT_3,G22,7,5,10000,NA,deletion,NA,BRD-K79131256-001-17-9,r07c22f05p01-ch5sk1fk1fl1.tiff,r07c22f05p01-ch4sk1fk1fl1.tiff,r07c22f05p01-ch3sk1fk1fl1.tiff,r07c22f05p01-ch2sk1fk1fl1.tiff,r07c22f05p01-ch1sk1fk1fl1.tiff
BR_NCP_PILOT_3,H01,8,3,5000,NA,deletion,NA,NA,r08c01f03p01-ch5sk1fk1fl1.tiff,r08c01f03p01-ch4sk1fk1fl1.tiff,r08c01f03p01-ch3sk1fk1fl1.tiff,r08c01f03p01-ch2sk1fk1fl1.tiff,r08c01f03p01-ch1sk1fk1fl1.tiff
BR_NCP_PILOT_3,H01,8,5,5000,NA,deletion,NA,NA,r08c01f05p01-ch5sk1fk1fl1.tiff,r08c01f05p01-ch4sk1fk1fl1.tiff,r08c01f05p01-ch3sk1fk1fl1.tiff,r08c01f05p01-ch2sk1fk1fl1.tiff,r08c01f05p01-ch1sk1fk1fl1.tiff
BR_NCP_PILOT_3,H06,8,3,7500,NA,deletion,NA,BRD-K21680192-300-14-4,r08c06f03p01-ch5sk1fk1fl1.tiff,r08c06f03p01-ch4sk1fk1fl1.tiff,r08c06f03p01-ch3sk1fk1fl1.tiff,r08c06f03p01-ch2sk1fk1fl1.tiff,r08c06f03p01-ch1sk1fk1fl1.tiff
BR_NCP_PILOT_3,H06,8,5,7500,NA,deletion,NA,BRD-K21680192-300-14-4,r08c06f05p01-ch5sk1fk1fl1.tiff,r08c06f05p01-ch4sk1fk1fl1.tiff,r08c06f05p01-ch3sk1fk1fl1.tiff,r08c06f05p01-ch2sk1fk1fl1.tiff,r08c06f05p01-ch1sk1fk1fl1.tiff
BR_NCP_PILOT_3,H08,8,3,7500,NA,deletion,NA,BRD-K36207157-001-09-6,r08c08f03p01-ch5sk1fk1fl1.tiff,r08c08f03p01-ch4sk1fk1fl1.tiff,r08c08f03p01-ch3sk1fk1fl1.tiff,r08c08f03p01-ch2sk1fk1fl1.tiff,r08c08f03p01-ch1sk1fk1fl1.tiff
BR_NCP_PILOT_3,H08,8,5,7500,NA,deletion,NA,BRD-K36207157-001-09-6,r08c08f05p01-ch5sk1fk1fl1.tiff,r08c08f05p01-ch4sk1fk1fl1.tiff,r08c08f05p01-ch3sk1fk1fl1.tiff,r08c08f05p01-ch2sk1fk1fl1.tiff,r08c08f05p01-ch1sk1fk1fl1.tiff
BR_NCP_PILOT_3,H09,8,3,5000,NA,deletion,NA,BRD-K15108141-003-04-7,r08c09f03p01-ch5sk1fk1fl1.tiff,r08c09f03p01-ch4sk1fk1fl1.tiff,r08c09f03p01-ch3sk1fk1fl1.tiff,r08c09f03p01-ch2sk1fk1fl1.tiff,r08c09f03p01-ch1sk1fk1fl1.tiff
BR_NCP_PILOT_3,H09,8,5,5000,NA,deletion,NA,BRD-K15108141-003-04-7,r08c09f05p01-ch5sk1fk1fl1.tiff,r08c09f05p01-ch4sk1fk1fl1.tiff,r08c09f05p01-ch3sk1fk1fl1.tiff,r08c09f05p01-ch2sk1fk1fl1.tiff,r08c09f05p01-ch1sk1fk1fl1.tiff
BR_NCP_PILOT_3,I17,9,3,2500,NA,control,NA,NA,r09c17f03p01-ch5sk1fk1fl1.tiff,r09c17f03p01-ch4sk1fk1fl1.tiff,r09c17f03p01-ch3sk1fk1fl1.tiff,r09c17f03p01-ch2sk1fk1fl1.tiff,r09c17f03p01-ch1sk1fk1fl1.tiff
BR_NCP_PILOT_3,I17,9,5,2500,NA,control,NA,NA,r09c17f05p01-ch5sk1fk1fl1.tiff,r09c17f05p01-ch4sk1fk1fl1.tiff,r09c17f05p01-ch3sk1fk1fl1.tiff,r09c17f05p01-ch2sk1fk1fl1.tiff,r09c17f05p01-ch1sk1fk1fl1.tiff
BR_NCP_PILOT_3,J11,10,3,5000,NA,control,NA,BRD-K79131256-001-17-9,r10c11f03p01-ch5sk1fk1fl1.tiff,r10c11f03p01-ch4sk1fk1fl1.tiff,r10c11f03p01-ch3sk1fk1fl1.tiff,r10c11f03p01-ch2sk1fk1fl1.tiff,r10c11f03p01-ch1sk1fk1fl1.tiff
BR_NCP_PILOT_3,J11,10,5,5000,NA,control,NA,BRD-K79131256-001-17-9,r10c11f05p01-ch5sk1fk1fl1.tiff,r10c11f05p01-ch4sk1fk1fl1.tiff,r10c11f05p01-ch3sk1fk1fl1.tiff,r10c11f05p01-ch2sk1fk1fl1.tiff,r10c11f05p01-ch1sk1fk1fl1.tiff
BR_NCP_PILOT_3,J17,10,3,5000,NA,control,NA,BRD-K36207157-001-09-6,r10c17f03p01-ch5sk1fk1fl1.tiff,r10c17f03p01-ch4sk1fk1fl1.tiff,r10c17f03p01-ch3sk1fk1fl1.tiff,r10c17f03p01-ch2sk1fk1fl1.tiff,r10c17f03p01-ch1sk1fk1fl1.tiff
BR_NCP_PILOT_3,J17,10,5,5000,NA,control,NA,BRD-K36207157-001-09-6,r10c17f05p01-ch5sk1fk1fl1.tiff,r10c17f05p01-ch4sk1fk1fl1.tiff,r10c17f05p01-ch3sk1fk1fl1.tiff,r10c17f05p01-ch2sk1fk1fl1.tiff,r10c17f05p01-ch1sk1fk1fl1.tiff
BR_NCP_PILOT_3,J20,10,3,7500,NA,control,NA,BRD-K79131256-001-17-9,r10c20f03p01-ch5sk1fk1fl1.tiff,r10c20f03p01-ch4sk1fk1fl1.tiff,r10c20f03p01-ch3sk1fk1fl1.tiff,r10c20f03p01-ch2sk1fk1fl1.tiff,r10c20f03p01-ch1sk1fk1fl1.tiff
BR_NCP_PILOT_3,J20,10,5,7500,NA,control,NA,BRD-K79131256-001-17-9,r10c20f05p01-ch5sk1fk1fl1.tiff,r10c20f05p01-ch4sk1fk1fl1.tiff,r10c20f05p01-ch3sk1fk1fl1.tiff,r10c20f05p01-ch2sk1fk1fl1.tiff,r10c20f05p01-ch1sk1fk1fl1.tiff
BR_NCP_PILOT_3,K18,11,3,10000,NA,deletion,NA,BRD-K21680192-300-14-4,r11c18f03p01-ch5sk1fk1fl1.tiff,r11c18f03p01-ch4sk1fk1fl1.tiff,r11c18f03p01-ch3sk1fk1fl1.tiff,r11c18f03p01-ch2sk1fk1fl1.tiff,r11c18f03p01-ch1sk1fk1fl1.tiff
BR_NCP_PILOT_3,K18,11,5,10000,NA,deletion,NA,BRD-K21680192-300-14-4,r11c18f05p01-ch5sk1fk1fl1.tiff,r11c18f05p01-ch4sk1fk1fl1.tiff,r11c18f05p01-ch3sk1fk1fl1.tiff,r11c18f05p01-ch2sk1fk1fl1.tiff,r11c18f05p01-ch1sk1fk1fl1.tiff
BR_NCP_PILOT_3,L17,12,3,5000,NA,deletion,NA,BRD-K36207157-001-09-6,r12c17f03p01-ch5sk1fk1fl1.tiff,r12c17f03p01-ch4sk1fk1fl1.tiff,r12c17f03p01-ch3sk1fk1fl1.tiff,r12c17f03p01-ch2sk1fk1fl1.tiff,r12c17f03p01-ch1sk1fk1fl1.tiff
BR_NCP_PILOT_3,L17,12,5,5000,NA,deletion,NA,BRD-K36207157-001-09-6,r12c17f05p01-ch5sk1fk1fl1.tiff,r12c17f05p01-ch4sk1fk1fl1.tiff,r12c17f05p01-ch3sk1fk1fl1.tiff,r12c17f05p01-ch2sk1fk1fl1.tiff,r12c17f05p01-ch1sk1fk1fl1.tiff
BR_NCP_PILOT_3,M04,13,3,10000,NA,control,NA,BRD-K36207157-001-09-6,r13c04f03p01-ch5sk1fk1fl1.tiff,r13c04f03p01-ch4sk1fk1fl1.tiff,r13c04f03p01-ch3sk1fk1fl1.tiff,r13c04f03p01-ch2sk1fk1fl1.tiff,r13c04f03p01-ch1sk1fk1fl1.tiff
BR_NCP_PILOT_3,M04,13,5,10000,NA,control,NA,BRD-K36207157-001-09-6,r13c04f05p01-ch5sk1fk1fl1.tiff,r13c04f05p01-ch4sk1fk1fl1.tiff,r13c04f05p01-ch3sk1fk1fl1.tiff,r13c04f05p01-ch2sk1fk1fl1.tiff,r13c04f05p01-ch1sk1fk1fl1.tiff
BR_NCP_PILOT_3,M11,13,3,2500,NA,control,NA,BRD-K21680192-300-14-4,r13c11f03p01-ch5sk1fk1fl1.tiff,r13c11f03p01-ch4sk1fk1fl1.tiff,r13c11f03p01-ch3sk1fk1fl1.tiff,r13c11f03p01-ch2sk1fk1fl1.tiff,r13c11f03p01-ch1sk1fk1fl1.tiff
BR_NCP_PILOT_3,M11,13,5,2500,NA,control,NA,BRD-K21680192-300-14-4,r13c11f05p01-ch5sk1fk1fl1.tiff,r13c11f05p01-ch4sk1fk1fl1.tiff,r13c11f05p01-ch3sk1fk1fl1.tiff,r13c11f05p01-ch2sk1fk1fl1.tiff,r13c11f05p01-ch1sk1fk1fl1.tiff
BR_NCP_PILOT_3,M14,13,3,10000,NA,control,NA,BRD-K15108141-003-04-7,r13c14f03p01-ch5sk1fk1fl1.tiff,r13c14f03p01-ch4sk1fk1fl1.tiff,r13c14f03p01-ch3sk1fk1fl1.tiff,r13c14f03p01-ch2sk1fk1fl1.tiff,r13c14f03p01-ch1sk1fk1fl1.tiff
BR_NCP_PILOT_3,M14,13,5,10000,NA,control,NA,BRD-K15108141-003-04-7,r13c14f05p01-ch5sk1fk1fl1.tiff,r13c14f05p01-ch4sk1fk1fl1.tiff,r13c14f05p01-ch3sk1fk1fl1.tiff,r13c14f05p01-ch2sk1fk1fl1.tiff,r13c14f05p01-ch1sk1fk1fl1.tiff
BR_NCP_PILOT_3,M18,13,3,10000,NA,control,NA,BRD-K21680192-300-14-4,r13c18f03p01-ch5sk1fk1fl1.tiff,r13c18f03p01-ch4sk1fk1fl1.tiff,r13c18f03p01-ch3sk1fk1fl1.tiff,r13c18f03p01-ch2sk1fk1fl1.tiff,r13c18f03p01-ch1sk1fk1fl1.tiff
BR_NCP_PILOT_3,M18,13,5,10000,NA,control,NA,BRD-K21680192-300-14-4,r13c18f05p01-ch5sk1fk1fl1.tiff,r13c18f05p01-ch4sk1fk1fl1.tiff,r13c18f05p01-ch3sk1fk1fl1.tiff,r13c18f05p01-ch2sk1fk1fl1.tiff,r13c18f05p01-ch1sk1fk1fl1.tiff
BR_NCP_PILOT_3,N06,14,3,7500,NA,control,NA,BRD-K21680192-300-14-4,r14c06f03p01-ch5sk1fk1fl1.tiff,r14c06f03p01-ch4sk1fk1fl1.tiff,r14c06f03p01-ch3sk1fk1fl1.tiff,r14c06f03p01-ch2sk1fk1fl1.tiff,r14c06f03p01-ch1sk1fk1fl1.tiff
BR_NCP_PILOT_3,N06,14,5,7500,NA,control,NA,BRD-K21680192-300-14-4,r14c06f05p01-ch5sk1fk1fl1.tiff,r14c06f05p01-ch4sk1fk1fl1.tiff,r14c06f05p01-ch3sk1fk1fl1.tiff,r14c06f05p01-ch2sk1fk1fl1.tiff,r14c06f05p01-ch1sk1fk1fl1.tiff
BR_NCP_PILOT_3,N08,14,3,7500,NA,control,NA,BRD-K36207157-001-09-6,r14c08f03p01-ch5sk1fk1fl1.tiff,r14c08f03p01-ch4sk1fk1fl1.tiff,r14c08f03p01-ch3sk1fk1fl1.tiff,r14c08f03p01-ch2sk1fk1fl1.tiff,r14c08f03p01-ch1sk1fk1fl1.tiff
BR_NCP_PILOT_3,N08,14,5,7500,NA,control,NA,BRD-K36207157-001-09-6,r14c08f05p01-ch5sk1fk1fl1.tiff,r14c08f05p01-ch4sk1fk1fl1.tiff,r14c08f05p01-ch3sk1fk1fl1.tiff,r14c08f05p01-ch2sk1fk1fl1.tiff,r14c08f05p01-ch1sk1fk1fl1.tiff
BR_NCP_PILOT_3,N09,14,3,5000,NA,control,NA,BRD-K15108141-003-04-7,r14c09f03p01-ch5sk1fk1fl1.tiff,r14c09f03p01-ch4sk1fk1fl1.tiff,r14c09f03p01-ch3sk1fk1fl1.tiff,r14c09f03p01-ch2sk1fk1fl1.tiff,r14c09f03p01-ch1sk1fk1fl1.tiff
BR_NCP_PILOT_3,N09,14,5,5000,NA,control,NA,BRD-K15108141-003-04-7,r14c09f05p01-ch5sk1fk1fl1.tiff,r14c09f05p01-ch4sk1fk1fl1.tiff,r14c09f05p01-ch3sk1fk1fl1.tiff,r14c09f05p01-ch2sk1fk1fl1.tiff,r14c09f05p01-ch1sk1fk1fl1.tiff
BR_NCP_PILOT_3,N16,14,3,7500,NA,control,NA,BRD-K15108141-003-04-7,r14c16f03p01-ch5sk1fk1fl1.tiff,r14c16f03p01-ch4sk1fk1fl1.tiff,r14c16f03p01-ch3sk1fk1fl1.tiff,r14c16f03p01-ch2sk1fk1fl1.tiff,r14c16f03p01-ch1sk1fk1fl1.tiff
BR_NCP_PILOT_3,N16,14,5,7500,NA,control,NA,BRD-K15108141-003-04-7,r14c16f05p01-ch5sk1fk1fl1.tiff,r14c16f05p01-ch4sk1fk1fl1.tiff,r14c16f05p01-ch3sk1fk1fl1.tiff,r14c16f05p01-ch2sk1fk1fl1.tiff,r14c16f05p01-ch1sk1fk1fl1.tiff
BR_NCP_PILOT_3,N23,14,3,5000,NA,control,NA,BRD-K21680192-300-14-4,r14c23f03p01-ch5sk1fk1fl1.tiff,r14c23f03p01-ch4sk1fk1fl1.tiff,r14c23f03p01-ch3sk1fk1fl1.tiff,r14c23f03p01-ch2sk1fk1fl1.tiff,r14c23f03p01-ch1sk1fk1fl1.tiff
BR_NCP_PILOT_3,N23,14,5,5000,NA,control,NA,BRD-K21680192-300-14-4,r14c23f05p01-ch5sk1fk1fl1.tiff,r14c23f05p01-ch4sk1fk1fl1.tiff,r14c23f05p01-ch3sk1fk1fl1.tiff,r14c23f05p01-ch2sk1fk1fl1.tiff,r14c23f05p01-ch1sk1fk1fl1.tiff
BR_NCP_PILOT_3,O04,15,3,10000,NA,deletion,NA,BRD-K36207157-001-09-6,r15c04f03p01-ch5sk1fk1fl1.tiff,r15c04f03p01-ch4sk1fk1fl1.tiff,r15c04f03p01-ch3sk1fk1fl1.tiff,r15c04f03p01-ch2sk1fk1fl1.tiff,r15c04f03p01-ch1sk1fk1fl1.tiff
BR_NCP_PILOT_3,O04,15,5,10000,NA,deletion,NA,BRD-K36207157-001-09-6,r15c04f05p01-ch5sk1fk1fl1.tiff,r15c04f05p01-ch4sk1fk1fl1.tiff,r15c04f05p01-ch3sk1fk1fl1.tiff,r15c04f05p01-ch2sk1fk1fl1.tiff,r15c04f05p01-ch1sk1fk1fl1.tiff
BR_NCP_PILOT_3,O11,15,3,2500,NA,deletion,NA,BRD-K21680192-300-14-4,r15c11f03p01-ch5sk1fk1fl1.tiff,r15c11f03p01-ch4sk1fk1fl1.tiff,r15c11f03p01-ch3sk1fk1fl1.tiff,r15c11f03p01-ch2sk1fk1fl1.tiff,r15c11f03p01-ch1sk1fk1fl1.tiff
BR_NCP_PILOT_3,O11,15,5,2500,NA,deletion,NA,BRD-K21680192-300-14-4,r15c11f05p01-ch5sk1fk1fl1.tiff,r15c11f05p01-ch4sk1fk1fl1.tiff,r15c11f05p01-ch3sk1fk1fl1.tiff,r15c11f05p01-ch2sk1fk1fl1.tiff,r15c11f05p01-ch1sk1fk1fl1.tiff
BR_NCP_PILOT_3,P11,16,3,5000,NA,deletion,NA,BRD-K79131256-001-17-9,r16c11f03p01-ch5sk1fk1fl1.tiff,r16c11f03p01-ch4sk1fk1fl1.tiff,r16c11f03p01-ch3sk1fk1fl1.tiff,r16c11f03p01-ch2sk1fk1fl1.tiff,r16c11f03p01-ch1sk1fk1fl1.tiff
BR_NCP_PILOT_3,P11,16,5,5000,NA,deletion,NA,BRD-K79131256-001-17-9,r16c11f05p01-ch5sk1fk1fl1.tiff,r16c11f05p01-ch4sk1fk1fl1.tiff,r16c11f05p01-ch3sk1fk1fl1.tiff,r16c11f05p01-ch2sk1fk1fl1.tiff,r16c11f05p01-ch1sk1fk1fl1.tiff
BR_NCP_PILOT_3,P16,16,3,7500,NA,deletion,NA,BRD-K15108141-003-04-7,r16c16f03p01-ch5sk1fk1fl1.tiff,r16c16f03p01-ch4sk1fk1fl1.tiff,r16c16f03p01-ch3sk1fk1fl1.tiff,r16c16f03p01-ch2sk1fk1fl1.tiff,r16c16f03p01-ch1sk1fk1fl1.tiff
BR_NCP_PILOT_3,P16,16,5,7500,NA,deletion,NA,BRD-K15108141-003-04-7,r16c16f05p01-ch5sk1fk1fl1.tiff,r16c16f05p01-ch4sk1fk1fl1.tiff,r16c16f05p01-ch3sk1fk1fl1.tiff,r16c16f05p01-ch2sk1fk1fl1.tiff,r16c16f05p01-ch1sk1fk1fl1.tiff
MAtt_ICC_test,E12,5,3,10000,NA,control,NA,NA,r05c12f03p01-ch1sk1fk1fl1.tiff,NA,NA,NA,NA
MAtt_ICC_test,E12,5,3,10000,NA,control,NA,NA,r05c12f03p02-ch1sk1fk1fl1.tiff,NA,NA,NA,NA
MAtt_ICC_test,E12,5,3,10000,NA,control,NA,NA,r05c12f03p03-ch1sk1fk1fl1.tiff,NA,NA,NA,NA
MAtt_ICC_test,E12,5,5,10000,NA,control,NA,NA,r05c12f05p01-ch1sk1fk1fl1.tiff,NA,NA,NA,NA
MAtt_ICC_test,E12,5,5,10000,NA,control,NA,NA,r05c12f05p02-ch1sk1fk1fl1.tiff,NA,NA,NA,NA
MAtt_ICC_test,E12,5,5,10000,NA,control,NA,NA,r05c12f05p03-ch1sk1fk1fl1.tiff,NA,NA,NA,NA
MAtt_ICC_test,F14,6,3,7500,NA,control,NA,NA,r06c14f03p01-ch1sk1fk1fl1.tiff,NA,NA,NA,NA
MAtt_ICC_test,F14,6,3,7500,NA,control,NA,NA,r06c14f03p02-ch1sk1fk1fl1.tiff,NA,NA,NA,NA
MAtt_ICC_test,F14,6,3,7500,NA,control,NA,NA,r06c14f03p03-ch1sk1fk1fl1.tiff,NA,NA,NA,NA
MAtt_ICC_test,F14,6,5,7500,NA,control,NA,NA,r06c14f05p01-ch1sk1fk1fl1.tiff,NA,NA,NA,NA
MAtt_ICC_test,F14,6,5,7500,NA,control,NA,NA,r06c14f05p02-ch1sk1fk1fl1.tiff,NA,NA,NA,NA
MAtt_ICC_test,F14,6,5,7500,NA,control,NA,NA,r06c14f05p03-ch1sk1fk1fl1.tiff,NA,NA,NA,NA
BR_NCP_PROGENITORS_1,A04,1,3,10000,30,deletion,human,NA,r01c04f03p01-ch5sk1fk1fl1.tiff,r01c04f03p01-ch4sk1fk1fl1.tiff,r01c04f03p01-ch3sk1fk1fl1.tiff,r01c04f03p01-ch2sk1fk1fl1.tiff,r01c04f03p01-ch1sk1fk1fl1.tiff
BR_NCP_PROGENITORS_1,A04,1,5,10000,30,deletion,human,NA,r01c04f05p01-ch5sk1fk1fl1.tiff,r01c04f05p01-ch4sk1fk1fl1.tiff,r01c04f05p01-ch3sk1fk1fl1.tiff,r01c04f05p01-ch2sk1fk1fl1.tiff,r01c04f05p01-ch1sk1fk1fl1.tiff
BR_NCP_PROGENITORS_1,A12,1,3,10000,34,deletion,human,NA,r01c12f03p01-ch5sk1fk1fl1.tiff,r01c12f03p01-ch4sk1fk1fl1.tiff,r01c12f03p01-ch3sk1fk1fl1.tiff,r01c12f03p01-ch2sk1fk1fl1.tiff,r01c12f03p01-ch1sk1fk1fl1.tiff
BR_NCP_PROGENITORS_1,A12,1,5,10000,34,deletion,human,NA,r01c12f05p01-ch5sk1fk1fl1.tiff,r01c12f05p01-ch4sk1fk1fl1.tiff,r01c12f05p01-ch3sk1fk1fl1.tiff,r01c12f05p01-ch2sk1fk1fl1.tiff,r01c12f05p01-ch1sk1fk1fl1.tiff
BR_NCP_PROGENITORS_1,A14,1,3,10000,15,control,human,NA,r01c14f03p01-ch5sk1fk1fl1.tiff,r01c14f03p01-ch4sk1fk1fl1.tiff,r01c14f03p01-ch3sk1fk1fl1.tiff,r01c14f03p01-ch2sk1fk1fl1.tiff,r01c14f03p01-ch1sk1fk1fl1.tiff
BR_NCP_PROGENITORS_1,A14,1,5,10000,15,control,human,NA,r01c14f05p01-ch5sk1fk1fl1.tiff,r01c14f05p01-ch4sk1fk1fl1.tiff,r01c14f05p01-ch3sk1fk1fl1.tiff,r01c14f05p01-ch2sk1fk1fl1.tiff,r01c14f05p01-ch1sk1fk1fl1.tiff
BR_NCP_PROGENITORS_1,A22,1,3,10000,20,control,human,NA,r01c22f03p01-ch5sk1fk1fl1.tiff,r01c22f03p01-ch4sk1fk1fl1.tiff,r01c22f03p01-ch3sk1fk1fl1.tiff,r01c22f03p01-ch2sk1fk1fl1.tiff,r01c22f03p01-ch1sk1fk1fl1.tiff
BR_NCP_PROGENITORS_1,A22,1,5,10000,20,control,human,NA,r01c22f05p01-ch5sk1fk1fl1.tiff,r01c22f05p01-ch4sk1fk1fl1.tiff,r01c22f05p01-ch3sk1fk1fl1.tiff,r01c22f05p01-ch2sk1fk1fl1.tiff,r01c22f05p01-ch1sk1fk1fl1.tiff
BR_NCP_PROGENITORS_1,B08,2,3,10000,26,deletion,isogenic_deletion,NA,r02c08f03p01-ch5sk1fk1fl1.tiff,r02c08f03p01-ch4sk1fk1fl1.tiff,r02c08f03p01-ch3sk1fk1fl1.tiff,r02c08f03p01-ch2sk1fk1fl1.tiff,r02c08f03p01-ch1sk1fk1fl1.tiff
BR_NCP_PROGENITORS_1,B08,2,5,10000,26,deletion,isogenic_deletion,NA,r02c08f05p01-ch5sk1fk1fl1.tiff,r02c08f05p01-ch4sk1fk1fl1.tiff,r02c08f05p01-ch3sk1fk1fl1.tiff,r02c08f05p01-ch2sk1fk1fl1.tiff,r02c08f05p01-ch1sk1fk1fl1.tiff
BR_NCP_PROGENITORS_1,B17,2,3,10000,2,control,human,NA,r02c17f03p01-ch5sk1fk1fl1.tiff,r02c17f03p01-ch4sk1fk1fl1.tiff,r02c17f03p01-ch3sk1fk1fl1.tiff,r02c17f03p01-ch2sk1fk1fl1.tiff,r02c17f03p01-ch1sk1fk1fl1.tiff
BR_NCP_PROGENITORS_1,B17,2,5,10000,2,control,human,NA,r02c17f05p01-ch5sk1fk1fl1.tiff,r02c17f05p01-ch4sk1fk1fl1.tiff,r02c17f05p01-ch3sk1fk1fl1.tiff,r02c17f05p01-ch2sk1fk1fl1.tiff,r02c17f05p01-ch1sk1fk1fl1.tiff
BR_NCP_PROGENITORS_1,C09,3,3,10000,7,control,human,NA,r03c09f03p01-ch5sk1fk1fl1.tiff,r03c09f03p01-ch4sk1fk1fl1.tiff,r03c09f03p01-ch3sk1fk1fl1.tiff,r03c09f03p01-ch2sk1fk1fl1.tiff,r03c09f03p01-ch1sk1fk1fl1.tiff
BR_NCP_PROGENITORS_1,C09,3,5,10000,7,control,human,NA,r03c09f05p01-ch5sk1fk1fl1.tiff,r03c09f05p01-ch4sk1fk1fl1.tiff,r03c09f05p01-ch3sk1fk1fl1.tiff,r03c09f05p01-ch2sk1fk1fl1.tiff,r03c09f05p01-ch1sk1fk1fl1.tiff
BR_NCP_PROGENITORS_1,C21,3,3,10000,6,control,human,NA,r03c21f03p01-ch5sk1fk1fl1.tiff,r03c21f03p01-ch4sk1fk1fl1.tiff,r03c21f03p01-ch3sk1fk1fl1.tiff,r03c21f03p01-ch2sk1fk1fl1.tiff,r03c21f03p01-ch1sk1fk1fl1.tiff
BR_NCP_PROGENITORS_1,C21,3,5,10000,6,control,human,NA,r03c21f05p01-ch5sk1fk1fl1.tiff,r03c21f05p01-ch4sk1fk1fl1.tiff,r03c21f05p01-ch3sk1fk1fl1.tiff,r03c21f05p01-ch2sk1fk1fl1.tiff,r03c21f05p01-ch1sk1fk1fl1.tiff
BR_NCP_PROGENITORS_1,D06,4,3,10000,37,deletion,human,NA,r04c06f03p01-ch5sk1fk1fl1.tiff,r04c06f03p01-ch4sk1fk1fl1.tiff,r04c06f03p01-ch3sk1fk1fl1.tiff,r04c06f03p01-ch2sk1fk1fl1.tiff,r04c06f03p01-ch1sk1fk1fl1.tiff
BR_NCP_PROGENITORS_1,D06,4,5,10000,37,deletion,human,NA,r04c06f05p01-ch5sk1fk1fl1.tiff,r04c06f05p01-ch4sk1fk1fl1.tiff,r04c06f05p01-ch3sk1fk1fl1.tiff,r04c06f05p01-ch2sk1fk1fl1.tiff,r04c06f05p01-ch1sk1fk1fl1.tiff
BR_NCP_PROGENITORS_1,D20,4,3,10000,18,control,human,NA,r04c20f03p01-ch5sk1fk1fl1.tiff,r04c20f03p01-ch4sk1fk1fl1.tiff,r04c20f03p01-ch3sk1fk1fl1.tiff,r04c20f03p01-ch2sk1fk1fl1.tiff,r04c20f03p01-ch1sk1fk1fl1.tiff
BR_NCP_PROGENITORS_1,D20,4,5,10000,18,control,human,NA,r04c20f05p01-ch5sk1fk1fl1.tiff,r04c20f05p01-ch4sk1fk1fl1.tiff,r04c20f05p01-ch3sk1fk1fl1.tiff,r04c20f05p01-ch2sk1fk1fl1.tiff,r04c20f05p01-ch1sk1fk1fl1.tiff
BR_NCP_PROGENITORS_1,E16,5,3,10000,9,control,human,NA,r05c16f03p01-ch5sk1fk1fl1.tiff,r05c16f03p01-ch4sk1fk1fl1.tiff,r05c16f03p01-ch3sk1fk1fl1.tiff,r05c16f03p01-ch2sk1fk1fl1.tiff,r05c16f03p01-ch1sk1fk1fl1.tiff
BR_NCP_PROGENITORS_1,E16,5,5,10000,9,control,human,NA,r05c16f05p01-ch5sk1fk1fl1.tiff,r05c16f05p01-ch4sk1fk1fl1.tiff,r05c16f05p01-ch3sk1fk1fl1.tiff,r05c16f05p01-ch2sk1fk1fl1.tiff,r05c16f05p01-ch1sk1fk1fl1.tiff
BR_NCP_PROGENITORS_1,E21,5,3,10000,3,control,human,NA,r05c21f03p01-ch5sk1fk1fl1.tiff,r05c21f03p01-ch4sk1fk1fl1.tiff,r05c21f03p01-ch3sk1fk1fl1.tiff,r05c21f03p01-ch2sk1fk1fl1.tiff,r05c21f03p01-ch1sk1fk1fl1.tiff
BR_NCP_PROGENITORS_1,E21,5,5,10000,3,control,human,NA,r05c21f05p01-ch5sk1fk1fl1.tiff,r05c21f05p01-ch4sk1fk1fl1.tiff,r05c21f05p01-ch3sk1fk1fl1.tiff,r05c21f05p01-ch2sk1fk1fl1.tiff,r05c21f05p01-ch1sk1fk1fl1.tiff
BR_NCP_PROGENITORS_1,E24,5,3,10000,28,deletion,human,NA,r05c24f03p01-ch5sk1fk1fl1.tiff,r05c24f03p01-ch4sk1fk1fl1.tiff,r05c24f03p01-ch3sk1fk1fl1.tiff,r05c24f03p01-ch2sk1fk1fl1.tiff,r05c24f03p01-ch1sk1fk1fl1.tiff
BR_NCP_PROGENITORS_1,E24,5,5,10000,28,deletion,human,NA,r05c24f05p01-ch5sk1fk1fl1.tiff,r05c24f05p01-ch4sk1fk1fl1.tiff,r05c24f05p01-ch3sk1fk1fl1.tiff,r05c24f05p01-ch2sk1fk1fl1.tiff,r05c24f05p01-ch1sk1fk1fl1.tiff
BR_NCP_PROGENITORS_1,F01,6,3,10000,27,deletion,human,NA,r06c01f03p01-ch5sk1fk1fl1.tiff,r06c01f03p01-ch4sk1fk1fl1.tiff,r06c01f03p01-ch3sk1fk1fl1.tiff,r06c01f03p01-ch2sk1fk1fl1.tiff,r06c01f03p01-ch1sk1fk1fl1.tiff
BR_NCP_PROGENITORS_1,F01,6,5,10000,27,deletion,human,NA,r06c01f05p01-ch5sk1fk1fl1.tiff,r06c01f05p01-ch4sk1fk1fl1.tiff,r06c01f05p01-ch3sk1fk1fl1.tiff,r06c01f05p01-ch2sk1fk1fl1.tiff,r06c01f05p01-ch1sk1fk1fl1.tiff
BR_NCP_PROGENITORS_1,F03,6,3,10000,41,deletion,human,NA,r06c03f03p01-ch5sk1fk1fl1.tiff,r06c03f03p01-ch4sk1fk1fl1.tiff,r06c03f03p01-ch3sk1fk1fl1.tiff,r06c03f03p01-ch2sk1fk1fl1.tiff,r06c03f03p01-ch1sk1fk1fl1.tiff
BR_NCP_PROGENITORS_1,F03,6,5,10000,41,deletion,human,NA,r06c03f05p01-ch5sk1fk1fl1.tiff,r06c03f05p01-ch4sk1fk1fl1.tiff,r06c03f05p01-ch3sk1fk1fl1.tiff,r06c03f05p01-ch2sk1fk1fl1.tiff,r06c03f05p01-ch1sk1fk1fl1.tiff
BR_NCP_PROGENITORS_1,F17,6,3,10000,23,control,isogenic_control,NA,r06c17f03p01-ch5sk1fk1fl1.tiff,r06c17f03p01-ch4sk1fk1fl1.tiff,r06c17f03p01-ch3sk1fk1fl1.tiff,r06c17f03p01-ch2sk1fk1fl1.tiff,r06c17f03p01-ch1sk1fk1fl1.tiff
BR_NCP_PROGENITORS_1,F17,6,5,10000,23,control,isogenic_control,NA,r06c17f05p01-ch5sk1fk1fl1.tiff,r06c17f05p01-ch4sk1fk1fl1.tiff,r06c17f05p01-ch3sk1fk1fl1.tiff,r06c17f05p01-ch2sk1fk1fl1.tiff,r06c17f05p01-ch1sk1fk1fl1.tiff
BR_NCP_PROGENITORS_1,G09,7,3,10000,24,control,isogenic_control,NA,r07c09f03p01-ch5sk1fk1fl1.tiff,r07c09f03p01-ch4sk1fk1fl1.tiff,r07c09f03p01-ch3sk1fk1fl1.tiff,r07c09f03p01-ch2sk1fk1fl1.tiff,r07c09f03p01-ch1sk1fk1fl1.tiff
BR_NCP_PROGENITORS_1,G09,7,5,10000,24,control,isogenic_control,NA,r07c09f05p01-ch5sk1fk1fl1.tiff,r07c09f05p01-ch4sk1fk1fl1.tiff,r07c09f05p01-ch3sk1fk1fl1.tiff,r07c09f05p01-ch2sk1fk1fl1.tiff,r07c09f05p01-ch1sk1fk1fl1.tiff
BR_NCP_PROGENITORS_1,G18,7,3,10000,31,deletion,human,NA,r07c18f03p01-ch5sk1fk1fl1.tiff,r07c18f03p01-ch4sk1fk1fl1.tiff,r07c18f03p01-ch3sk1fk1fl1.tiff,r07c18f03p01-ch2sk1fk1fl1.tiff,r07c18f03p01-ch1sk1fk1fl1.tiff
BR_NCP_PROGENITORS_1,G18,7,5,10000,31,deletion,human,NA,r07c18f05p01-ch5sk1fk1fl1.tiff,r07c18f05p01-ch4sk1fk1fl1.tiff,r07c18f05p01-ch3sk1fk1fl1.tiff,r07c18f05p01-ch2sk1fk1fl1.tiff,r07c18f05p01-ch1sk1fk1fl1.tiff
BR_NCP_PROGENITORS_1,H01,8,3,10000,5,control,human,NA,r08c01f03p01-ch5sk1fk1fl1.tiff,r08c01f03p01-ch4sk1fk1fl1.tiff,r08c01f03p01-ch3sk1fk1fl1.tiff,r08c01f03p01-ch2sk1fk1fl1.tiff,r08c01f03p01-ch1sk1fk1fl1.tiff
BR_NCP_PROGENITORS_1,H01,8,5,10000,5,control,human,NA,r08c01f05p01-ch5sk1fk1fl1.tiff,r08c01f05p01-ch4sk1fk1fl1.tiff,r08c01f05p01-ch3sk1fk1fl1.tiff,r08c01f05p01-ch2sk1fk1fl1.tiff,r08c01f05p01-ch1sk1fk1fl1.tiff
BR_NCP_PROGENITORS_1,I03,9,3,10000,38,deletion,human,NA,r09c03f03p01-ch5sk1fk1fl1.tiff,r09c03f03p01-ch4sk1fk1fl1.tiff,r09c03f03p01-ch3sk1fk1fl1.tiff,r09c03f03p01-ch2sk1fk1fl1.tiff,r09c03f03p01-ch1sk1fk1fl1.tiff
BR_NCP_PROGENITORS_1,I03,9,5,10000,38,deletion,human,NA,r09c03f05p01-ch5sk1fk1fl1.tiff,r09c03f05p01-ch4sk1fk1fl1.tiff,r09c03f05p01-ch3sk1fk1fl1.tiff,r09c03f05p01-ch2sk1fk1fl1.tiff,r09c03f05p01-ch1sk1fk1fl1.tiff
BR_NCP_PROGENITORS_1,I07,9,3,10000,47,deletion,human,NA,r09c07f03p01-ch5sk1fk1fl1.tiff,r09c07f03p01-ch4sk1fk1fl1.tiff,r09c07f03p01-ch3sk1fk1fl1.tiff,r09c07f03p01-ch2sk1fk1fl1.tiff,r09c07f03p01-ch1sk1fk1fl1.tiff
BR_NCP_PROGENITORS_1,I07,9,5,10000,47,deletion,human,NA,r09c07f05p01-ch5sk1fk1fl1.tiff,r09c07f05p01-ch4sk1fk1fl1.tiff,r09c07f05p01-ch3sk1fk1fl1.tiff,r09c07f05p01-ch2sk1fk1fl1.tiff,r09c07f05p01-ch1sk1fk1fl1.tiff
BR_NCP_PROGENITORS_1,J24,10,3,10000,19,control,human,NA,r10c24f03p01-ch5sk1fk1fl1.tiff,r10c24f03p01-ch4sk1fk1fl1.tiff,r10c24f03p01-ch3sk1fk1fl1.tiff,r10c24f03p01-ch2sk1fk1fl1.tiff,r10c24f03p01-ch1sk1fk1fl1.tiff
BR_NCP_PROGENITORS_1,J24,10,5,10000,19,control,human,NA,r10c24f05p01-ch5sk1fk1fl1.tiff,r10c24f05p01-ch4sk1fk1fl1.tiff,r10c24f05p01-ch3sk1fk1fl1.tiff,r10c24f05p01-ch2sk1fk1fl1.tiff,r10c24f05p01-ch1sk1fk1fl1.tiff
BR_NCP_PROGENITORS_1,K12,11,3,10000,48,deletion,human,NA,r11c12f03p01-ch5sk1fk1fl1.tiff,r11c12f03p01-ch4sk1fk1fl1.tiff,r11c12f03p01-ch3sk1fk1fl1.tiff,r11c12f03p01-ch2sk1fk1fl1.tiff,r11c12f03p01-ch1sk1fk1fl1.tiff
BR_NCP_PROGENITORS_1,K12,11,5,10000,48,deletion,human,NA,r11c12f05p01-ch5sk1fk1fl1.tiff,r11c12f05p01-ch4sk1fk1fl1.tiff,r11c12f05p01-ch3sk1fk1fl1.tiff,r11c12f05p01-ch2sk1fk1fl1.tiff,r11c12f05p01-ch1sk1fk1fl1.tiff
BR_NCP_PROGENITORS_1,L13,12,3,10000,39,deletion,human,NA,r12c13f03p01-ch5sk1fk1fl1.tiff,r12c13f03p01-ch4sk1fk1fl1.tiff,r12c13f03p01-ch3sk1fk1fl1.tiff,r12c13f03p01-ch2sk1fk1fl1.tiff,r12c13f03p01-ch1sk1fk1fl1.tiff
BR_NCP_PROGENITORS_1,L13,12,5,10000,39,deletion,human,NA,r12c13f05p01-ch5sk1fk1fl1.tiff,r12c13f05p01-ch4sk1fk1fl1.tiff,r12c13f05p01-ch3sk1fk1fl1.tiff,r12c13f05p01-ch2sk1fk1fl1.tiff,r12c13f05p01-ch1sk1fk1fl1.tiff
BR_NCP_PROGENITORS_1,L22,12,3,10000,46,deletion,human,NA,r12c22f03p01-ch5sk1fk1fl1.tiff,r12c22f03p01-ch4sk1fk1fl1.tiff,r12c22f03p01-ch3sk1fk1fl1.tiff,r12c22f03p01-ch2sk1fk1fl1.tiff,r12c22f03p01-ch1sk1fk1fl1.tiff
BR_NCP_PROGENITORS_1,L22,12,5,10000,46,deletion,human,NA,r12c22f05p01-ch5sk1fk1fl1.tiff,r12c22f05p01-ch4sk1fk1fl1.tiff,r12c22f05p01-ch3sk1fk1fl1.tiff,r12c22f05p01-ch2sk1fk1fl1.tiff,r12c22f05p01-ch1sk1fk1fl1.tiff
BR_NCP_PROGENITORS_1,M06,13,3,10000,43,deletion,human,NA,r13c06f03p01-ch5sk1fk1fl1.tiff,r13c06f03p01-ch4sk1fk1fl1.tiff,r13c06f03p01-ch3sk1fk1fl1.tiff,r13c06f03p01-ch2sk1fk1fl1.tiff,r13c06f03p01-ch1sk1fk1fl1.tiff
BR_NCP_PROGENITORS_1,M06,13,5,10000,43,deletion,human,NA,r13c06f05p01-ch5sk1fk1fl1.tiff,r13c06f05p01-ch4sk1fk1fl1.tiff,r13c06f05p01-ch3sk1fk1fl1.tiff,r13c06f05p01-ch2sk1fk1fl1.tiff,r13c06f05p01-ch1sk1fk1fl1.tiff
BR_NCP_PROGENITORS_1,N07,14,3,10000,16,control,human,NA,r14c07f03p01-ch5sk1fk1fl1.tiff,r14c07f03p01-ch4sk1fk1fl1.tiff,r14c07f03p01-ch3sk1fk1fl1.tiff,r14c07f03p01-ch2sk1fk1fl1.tiff,r14c07f03p01-ch1sk1fk1fl1.tiff
BR_NCP_PROGENITORS_1,N07,14,5,10000,16,control,human,NA,r14c07f05p01-ch5sk1fk1fl1.tiff,r14c07f05p01-ch4sk1fk1fl1.tiff,r14c07f05p01-ch3sk1fk1fl1.tiff,r14c07f05p01-ch2sk1fk1fl1.tiff,r14c07f05p01-ch1sk1fk1fl1.tiff
BR_NCP_PROGENITORS_1,N10,14,3,10000,45,deletion,human,NA,r14c10f03p01-ch5sk1fk1fl1.tiff,r14c10f03p01-ch4sk1fk1fl1.tiff,r14c10f03p01-ch3sk1fk1fl1.tiff,r14c10f03p01-ch2sk1fk1fl1.tiff,r14c10f03p01-ch1sk1fk1fl1.tiff
BR_NCP_PROGENITORS_1,N10,14,5,10000,45,deletion,human,NA,r14c10f05p01-ch5sk1fk1fl1.tiff,r14c10f05p01-ch4sk1fk1fl1.tiff,r14c10f05p01-ch3sk1fk1fl1.tiff,r14c10f05p01-ch2sk1fk1fl1.tiff,r14c10f05p01-ch1sk1fk1fl1.tiff
BR_NCP_PROGENITORS_1,N11,14,3,10000,4,control,human,NA,r14c11f03p01-ch5sk1fk1fl1.tiff,r14c11f03p01-ch4sk1fk1fl1.tiff,r14c11f03p01-ch3sk1fk1fl1.tiff,r14c11f03p01-ch2sk1fk1fl1.tiff,r14c11f03p01-ch1sk1fk1fl1.tiff
BR_NCP_PROGENITORS_1,N11,14,5,10000,4,control,human,NA,r14c11f05p01-ch5sk1fk1fl1.tiff,r14c11f05p01-ch4sk1fk1fl1.tiff,r14c11f05p01-ch3sk1fk1fl1.tiff,r14c11f05p01-ch2sk1fk1fl1.tiff,r14c11f05p01-ch1sk1fk1fl1.tiff
BR_NCP_PROGENITORS_1,P24,16,3,10000,22,control,human,NA,r16c24f03p01-ch5sk1fk1fl1.tiff,r16c24f03p01-ch4sk1fk1fl1.tiff,r16c24f03p01-ch3sk1fk1fl1.tiff,r16c24f03p01-ch2sk1fk1fl1.tiff,r16c24f03p01-ch1sk1fk1fl1.tiff
BR_NCP_PROGENITORS_1,P24,16,5,10000,22,control,human,NA,r16c24f05p01-ch5sk1fk1fl1.tiff,r16c24f05p01-ch4sk1fk1fl1.tiff,r16c24f05p01-ch3sk1fk1fl1.tiff,r16c24f05p01-ch2sk1fk1fl1.tiff,r16c24f05p01-ch1sk1fk1fl1.tiff
BR_NCP_STEM_1,A02,1,3,10000,1,control,human,NA,r01c02f03p01-ch5sk1fk1fl1.tiff,r01c02f03p01-ch4sk1fk1fl1.tiff,r01c02f03p01-ch3sk1fk1fl1.tiff,r01c02f03p01-ch2sk1fk1fl1.tiff,r01c02f03p01-ch1sk1fk1fl1.tiff
BR_NCP_STEM_1,A02,1,5,10000,1,control,human,NA,r01c02f05p01-ch5sk1fk1fl1.tiff,r01c02f05p01-ch4sk1fk1fl1.tiff,r01c02f05p01-ch3sk1fk1fl1.tiff,r01c02f05p01-ch2sk1fk1fl1.tiff,r01c02f05p01-ch1sk1fk1fl1.tiff
BR_NCP_STEM_1,B23,2,3,10000,12,control,human,NA,r02c23f03p01-ch5sk1fk1fl1.tiff,r02c23f03p01-ch4sk1fk1fl1.tiff,r02c23f03p01-ch3sk1fk1fl1.tiff,r02c23f03p01-ch2sk1fk1fl1.tiff,r02c23f03p01-ch1sk1fk1fl1.tiff
BR_NCP_STEM_1,B23,2,5,10000,12,control,human,NA,r02c23f05p01-ch5sk1fk1fl1.tiff,r02c23f05p01-ch4sk1fk1fl1.tiff,r02c23f05p01-ch3sk1fk1fl1.tiff,r02c23f05p01-ch2sk1fk1fl1.tiff,r02c23f05p01-ch1sk1fk1fl1.tiff
BR_NCP_STEM_1,D11,4,3,10000,29,deletion,human,NA,r04c11f03p01-ch5sk1fk1fl1.tiff,r04c11f03p01-ch4sk1fk1fl1.tiff,r04c11f03p01-ch3sk1fk1fl1.tiff,r04c11f03p01-ch2sk1fk1fl1.tiff,r04c11f03p01-ch1sk1fk1fl1.tiff
BR_NCP_STEM_1,D11,4,5,10000,29,deletion,human,NA,r04c11f05p01-ch5sk1fk1fl1.tiff,r04c11f05p01-ch4sk1fk1fl1.tiff,r04c11f05p01-ch3sk1fk1fl1.tiff,r04c11f05p01-ch2sk1fk1fl1.tiff,r04c11f05p01-ch1sk1fk1fl1.tiff
BR_NCP_STEM_1,E11,5,3,10000,33,deletion,human,NA,r05c11f03p01-ch5sk1fk1fl1.tiff,r05c11f03p01-ch4sk1fk1fl1.tiff,r05c11f03p01-ch3sk1fk1fl1.tiff,r05c11f03p01-ch2sk1fk1fl1.tiff,r05c11f03p01-ch1sk1fk1fl1.tiff
BR_NCP_STEM_1,E11,5,5,10000,33,deletion,human,NA,r05c11f05p01-ch5sk1fk1fl1.tiff,r05c11f05p01-ch4sk1fk1fl1.tiff,r05c11f05p01-ch3sk1fk1fl1.tiff,r05c11f05p01-ch2sk1fk1fl1.tiff,r05c11f05p01-ch1sk1fk1fl1.tiff
BR_NCP_STEM_1,F05,6,3,10000,32,deletion,human,NA,r06c05f03p01-ch5sk1fk1fl1.tiff,r06c05f03p01-ch4sk1fk1fl1.tiff,r06c05f03p01-ch3sk1fk1fl1.tiff,r06c05f03p01-ch2sk1fk1fl1.tiff,r06c05f03p01-ch1sk1fk1fl1.tiff
BR_NCP_STEM_1,F05,6,5,10000,32,deletion,human,NA,r06c05f05p01-ch5sk1fk1fl1.tiff,r06c05f05p01-ch4sk1fk1fl1.tiff,r06c05f05p01-ch3sk1fk1fl1.tiff,r06c05f05p01-ch2sk1fk1fl1.tiff,r06c05f05p01-ch1sk1fk1fl1.tiff
BR_NCP_STEM_1,G11,7,3,10000,17,control,human,NA,r07c11f03p01-ch5sk1fk1fl1.tiff,r07c11f03p01-ch4sk1fk1fl1.tiff,r07c11f03p01-ch3sk1fk1fl1.tiff,r07c11f03p01-ch2sk1fk1fl1.tiff,r07c11f03p01-ch1sk1fk1fl1.tiff
BR_NCP_STEM_1,G11,7,5,10000,17,control,human,NA,r07c11f05p01-ch5sk1fk1fl1.tiff,r07c11f05p01-ch4sk1fk1fl1.tiff,r07c11f05p01-ch3sk1fk1fl1.tiff,r07c11f05p01-ch2sk1fk1fl1.tiff,r07c11f05p01-ch1sk1fk1fl1.tiff
BR_NCP_STEM_1,H05,8,3,10000,13,control,human,NA,r08c05f03p01-ch5sk1fk1fl1.tiff,r08c05f03p01-ch4sk1fk1fl1.tiff,r08c05f03p01-ch3sk1fk1fl1.tiff,r08c05f03p01-ch2sk1fk1fl1.tiff,r08c05f03p01-ch1sk1fk1fl1.tiff
BR_NCP_STEM_1,H05,8,5,10000,13,control,human,NA,r08c05f05p01-ch5sk1fk1fl1.tiff,r08c05f05p01-ch4sk1fk1fl1.tiff,r08c05f05p01-ch3sk1fk1fl1.tiff,r08c05f05p01-ch2sk1fk1fl1.tiff,r08c05f05p01-ch1sk1fk1fl1.tiff
BR_NCP_STEM_1,H23,8,3,10000,11,control,human,NA,r08c23f03p01-ch5sk1fk1fl1.tiff,r08c23f03p01-ch4sk1fk1fl1.tiff,r08c23f03p01-ch3sk1fk1fl1.tiff,r08c23f03p01-ch2sk1fk1fl1.tiff,r08c23f03p01-ch1sk1fk1fl1.tiff
BR_NCP_STEM_1,H23,8,5,10000,11,control,human,NA,r08c23f05p01-ch5sk1fk1fl1.tiff,r08c23f05p01-ch4sk1fk1fl1.tiff,r08c23f05p01-ch3sk1fk1fl1.tiff,r08c23f05p01-ch2sk1fk1fl1.tiff,r08c23f05p01-ch1sk1fk1fl1.tiff
BR_NCP_STEM_1,I06,9,3,10000,44,deletion,human,NA,r09c06f03p01-ch5sk1fk1fl1.tiff,r09c06f03p01-ch4sk1fk1fl1.tiff,r09c06f03p01-ch3sk1fk1fl1.tiff,r09c06f03p01-ch2sk1fk1fl1.tiff,r09c06f03p01-ch1sk1fk1fl1.tiff
BR_NCP_STEM_1,I06,9,5,10000,44,deletion,human,NA,r09c06f05p01-ch5sk1fk1fl1.tiff,r09c06f05p01-ch4sk1fk1fl1.tiff,r09c06f05p01-ch3sk1fk1fl1.tiff,r09c06f05p01-ch2sk1fk1fl1.tiff,r09c06f05p01-ch1sk1fk1fl1.tiff
BR_NCP_STEM_1,I22,9,3,10000,42,deletion,human,NA,r09c22f03p01-ch5sk1fk1fl1.tiff,r09c22f03p01-ch4sk1fk1fl1.tiff,r09c22f03p01-ch3sk1fk1fl1.tiff,r09c22f03p01-ch2sk1fk1fl1.tiff,r09c22f03p01-ch1sk1fk1fl1.tiff
BR_NCP_STEM_1,I22,9,5,10000,42,deletion,human,NA,r09c22f05p01-ch5sk1fk1fl1.tiff,r09c22f05p01-ch4sk1fk1fl1.tiff,r09c22f05p01-ch3sk1fk1fl1.tiff,r09c22f05p01-ch2sk1fk1fl1.tiff,r09c22f05p01-ch1sk1fk1fl1.tiff
BR_NCP_STEM_1,L03,12,3,10000,40,deletion,human,NA,r12c03f03p01-ch5sk1fk1fl1.tiff,r12c03f03p01-ch4sk1fk1fl1.tiff,r12c03f03p01-ch3sk1fk1fl1.tiff,r12c03f03p01-ch2sk1fk1fl1.tiff,r12c03f03p01-ch1sk1fk1fl1.tiff
BR_NCP_STEM_1,L03,12,5,10000,40,deletion,human,NA,r12c03f05p01-ch5sk1fk1fl1.tiff,r12c03f05p01-ch4sk1fk1fl1.tiff,r12c03f05p01-ch3sk1fk1fl1.tiff,r12c03f05p01-ch2sk1fk1fl1.tiff,r12c03f05p01-ch1sk1fk1fl1.tiff
BR_NCP_STEM_1,M02,13,3,10000,14,control,human,NA,r13c02f03p01-ch5sk1fk1fl1.tiff,r13c02f03p01-ch4sk1fk1fl1.tiff,r13c02f03p01-ch3sk1fk1fl1.tiff,r13c02f03p01-ch2sk1fk1fl1.tiff,r13c02f03p01-ch1sk1fk1fl1.tiff
BR_NCP_STEM_1,M02,13,5,10000,14,control,human,NA,r13c02f05p01-ch5sk1fk1fl1.tiff,r13c02f05p01-ch4sk1fk1fl1.tiff,r13c02f05p01-ch3sk1fk1fl1.tiff,r13c02f05p01-ch2sk1fk1fl1.tiff,r13c02f05p01-ch1sk1fk1fl1.tiff
BR_NCP_STEM_1,N04,14,3,10000,36,deletion,human,NA,r14c04f03p01-ch5sk1fk1fl1.tiff,r14c04f03p01-ch4sk1fk1fl1.tiff,r14c04f03p01-ch3sk1fk1fl1.tiff,r14c04f03p01-ch2sk1fk1fl1.tiff,r14c04f03p01-ch1sk1fk1fl1.tiff
BR_NCP_STEM_1,N04,14,5,10000,36,deletion,human,NA,r14c04f05p01-ch5sk1fk1fl1.tiff,r14c04f05p01-ch4sk1fk1fl1.tiff,r14c04f05p01-ch3sk1fk1fl1.tiff,r14c04f05p01-ch2sk1fk1fl1.tiff,r14c04f05p01-ch1sk1fk1fl1.tiff
BR_NCP_STEM_1,O04,15,3,10000,25,deletion,isogenic_deletion,NA,r15c04f03p01-ch5sk1fk1fl1.tiff,r15c04f03p01-ch4sk1fk1fl1.tiff,r15c04f03p01-ch3sk1fk1fl1.tiff,r15c04f03p01-ch2sk1fk1fl1.tiff,r15c04f03p01-ch1sk1fk1fl1.tiff
BR_NCP_STEM_1,O04,15,5,10000,25,deletion,isogenic_deletion,NA,r15c04f05p01-ch5sk1fk1fl1.tiff,r15c04f05p01-ch4sk1fk1fl1.tiff,r15c04f05p01-ch3sk1fk1fl1.tiff,r15c04f05p01-ch2sk1fk1fl1.tiff,r15c04f05p01-ch1sk1fk1fl1.tiff
BR_NCP_STEM_1,O05,15,3,10000,8,control,human,NA,r15c05f03p01-ch5sk1fk1fl1.tiff,r15c05f03p01-ch4sk1fk1fl1.tiff,r15c05f03p01-ch3sk1fk1fl1.tiff,r15c05f03p01-ch2sk1fk1fl1.tiff,r15c05f03p01-ch1sk1fk1fl1.tiff
BR_NCP_STEM_1,O05,15,5,10000,8,control,human,NA,r15c05f05p01-ch5sk1fk1fl1.tiff,r15c05f05p01-ch4sk1fk1fl1.tiff,r15c05f05p01-ch3sk1fk1fl1.tiff,r15c05f05p01-ch2sk1fk1fl1.tiff,r15c05f05p01-ch1sk1fk1fl1.tiff
BR_NCP_STEM_1,O11,15,3,10000,21,control,human,NA,r15c11f03p01-ch5sk1fk1fl1.tiff,r15c11f03p01-ch4sk1fk1fl1.tiff,r15c11f03p01-ch3sk1fk1fl1.tiff,r15c11f03p01-ch2sk1fk1fl1.tiff,r15c11f03p01-ch1sk1fk1fl1.tiff
BR_NCP_STEM_1,O11,15,5,10000,21,control,human,NA,r15c11f05p01-ch5sk1fk1fl1.tiff,r15c11f05p01-ch4sk1fk1fl1.tiff,r15c11f05p01-ch3sk1fk1fl1.tiff,r15c11f05p01-ch2sk1fk1fl1.tiff,r15c11f05p01-ch1sk1fk1fl1.tiff
BR_NCP_STEM_1,O22,15,3,10000,35,deletion,human,NA,r15c22f03p01-ch5sk1fk1fl1.tiff,r15c22f03p01-ch4sk1fk1fl1.tiff,r15c22f03p01-ch3sk1fk1fl1.tiff,r15c22f03p01-ch2sk1fk1fl1.tiff,r15c22f03p01-ch1sk1fk1fl1.tiff
BR_NCP_STEM_1,O22,15,5,10000,35,deletion,human,NA,r15c22f05p01-ch5sk1fk1fl1.tiff,r15c22f05p01-ch4sk1fk1fl1.tiff,r15c22f05p01-ch3sk1fk1fl1.tiff,r15c22f05p01-ch2sk1fk1fl1.tiff,r15c22f05p01-ch1sk1fk1fl1.tiff
BR_NCP_STEM_1,P01,16,3,10000,10,control,human,NA,r16c01f03p01-ch5sk1fk1fl1.tiff,r16c01f03p01-ch4sk1fk1fl1.tiff,r16c01f03p01-ch3sk1fk1fl1.tiff,r16c01f03p01-ch2sk1fk1fl1.tiff,r16c01f03p01-ch1sk1fk1fl1.tiff
BR_NCP_STEM_1,P01,16,5,10000,10,control,human,NA,r16c01f05p01-ch5sk1fk1fl1.tiff,r16c01f05p01-ch4sk1fk1fl1.tiff,r16c01f05p01-ch3sk1fk1fl1.tiff,r16c01f05p01-ch2sk1fk1fl1.tiff,r16c01f05p01-ch1sk1fk1fl1.tiff
